Ordre;Porte;Heure_prevue;Duree_max;Action;Responsable;Preuve_attendue;Condition_arret;Action_si_echec;Ecritures_post_bascule;Option_retour;Option_correction_en_avant;Point_irreversible;Heure_reelle;Resultat
1;B;16h45;15 min;Confirmer equipe et absence d incident;Directrice operations;Tous les responsables joignables;Incident critique en cours;Reporter;Aucune;Maintenir ancien systeme;Corriger incident avant nouvelle date;Non;;A renseigner
2;B;17h00;10 min;Annoncer gel des saisies;Responsable metier;Accuse des equipes et registre temporaire ouvert;Equipe non informee;Reporter;Registre temporaire uniquement;Reprendre registre dans ancien systeme;Corriger communication et rejouer la sequence;Non;;A renseigner
3;B;17h10;20 min;Sauvegarder exporter et identifier le dernier etat;Responsable exploitation;Empreinte heure et restauration deja prouvee;Restauration non prouvee;Arreter;Registre temporaire uniquement;Restaurer ancien et rejouer registre;Prouver restauration avant nouvelle tentative;Non;;A renseigner
4;B;17h30;30 min;Charger la derniere heure avec LOT-003 puis rejouer avec LOT-004;Responsable technique;LOT-003 execute avant LOT-004 puis 50 ecritures acceptees ou expliquees sans doublon;Rejet bloquant ou rejeu execute avant le lot initial;Corriger ou revenir;Journaux LOT-003 et LOT-004 plus registre temporaire;Rejouer les cles stables dans ancien systeme;Corriger mapping puis rejouer sans avancer watermark;Non tant que le journal est rejouable;;A renseigner
5;B;18h00;30 min;Rapprocher volumes montants liens droits et integrations;Responsables metier;Tous les controles bloquants conformes;Un ecart sans proprietaire;Revenir;Journal des nouvelles ecritures cible et registre temporaire;Exporter puis rejouer chaque ecriture dans ancien systeme;Isoler le domaine et corriger si le retour detruirait une ecriture;Non tant que chaque ecriture post bascule est exportable;;A renseigner
6;B;18h30;20 min;Faire les tests de fumee metier et creer une ecriture post bascule;Utilisateurs nommes;Operations critiques terminees et ecriture post bascule conservee exactement une fois apres test de retour;Operation critique impossible ou ecriture perdue ou doublee;Revenir;Liste horodatee des operations creees dans la cible;Rejouer liste dans ancien systeme une seule fois;Corriger en avant seulement si le replay est plus risque;Non si le test de retour reussit;;A renseigner
7;B;18h50;10 min;Prendre la decision et geler le journal;Directrice operations;Decision datee annoncee et temps de retour disponible;Preuve manquante ou retour hors fenetre;Reporter ou choisir correction en avant;Journal complet fige a l heure de decision;Retour selon test chronometre;Plan roll forward approuve avec domaine mode degrade et nouvelle heure;Oui apres acceptation d ecritures non exportables ou transformation irreversible;;A renseigner
8;B;19h00;30 min;Rejouer les saisies temporaires dans le systeme retenu;Responsable metier;Chaque saisie existe une fois et possede un accuse;Doublon perte ou conflit;Stopper les ecritures;Registre temporaire et journal post bascule;Rejouer vers ancien si retour annonce;Rejouer vers cible si poursuite annoncee;Selon decision de 18h50;;A renseigner
9;B;19h30;15 min;Ouvrir le canal de soutien renforce;Responsable support;Canal priorites responsables et sortie publies;Personne d astreinte absente;Maintenir mode degrade;Journal des incidents et ecritures corrigees;Retour de domaine uniquement selon contrat d ecriture;Correction en avant tracee et rapprochee;Selon volume et reversibilite des nouvelles ecritures;;A renseigner
