Scénario;Processus;Charge actuelle h/an;Horizon mois;Option;Coût externe initial HT;Heures internes;Coût mensuel HT;Coût de sortie HT;Mise en service mois;Montée en charge mois;Part utile totale;Coût horaire de référence HT;Mois actifs;Mois équivalents à pleine couverture;Capacité brute modélisée HT;Coût économique modélisé HT;Valeur nette économique;Convention de rampe;Lecture
EXEMPLE FICTIF;Orienter les demandes complètes;600;12;Fonction native;1000;16;40;300;1;2;25 %;44,20;12;11,5;6353,75;2487,20;3866,55;Montée linéaire 1/N puis 2/N jusqu’à N/N, ensuite 100 %;Meilleure valeur nette modélisée à 12 mois
EXEMPLE FICTIF;Orienter les demandes complètes;600;12;Connecteur;5000;40;150;1200;2;3;55 %;44,20;11;10;12155;9618;2537;Montée linéaire 1/N puis 2/N jusqu’à N/N, ensuite 100 %;Deuxième valeur nette à 12 mois
EXEMPLE FICTIF;Orienter les demandes complètes;600;12;Sur-mesure;14000;80;350;2500;4;6;80 %;44,20;9;6,5;11492;23186;-11694;Montée linéaire 1/N puis 2/N jusqu’à N/N, ensuite 100 %;Coût supérieur à la capacité modélisée
EXEMPLE FICTIF;Orienter les demandes complètes;600;36;Fonction native;1000;16;40;300;1;2;25 %;44,20;36;35,5;19613,75;3447,20;16166,55;Montée linéaire 1/N puis 2/N jusqu’à N/N, ensuite 100 %;Option positive mais moins couvrante
EXEMPLE FICTIF;Orienter les demandes complètes;600;36;Connecteur;5000;40;150;1200;2;3;55 %;44,20;35;34;41327;13218;28109;Montée linéaire 1/N puis 2/N jusqu’à N/N, ensuite 100 %;Meilleure valeur nette modélisée à 36 mois
EXEMPLE FICTIF;Orienter les demandes complètes;600;36;Sur-mesure;14000;80;350;2500;4;6;80 %;44,20;33;30,5;53924;31586;22338;Montée linéaire 1/N puis 2/N jusqu’à N/N, ensuite 100 %;Couverture supérieure mais coût plus élevé
EXEMPLE FICTIF;Orienter les demandes complètes;600;60;Fonction native;1000;16;40;300;1;2;25 %;44,20;60;59,5;32873,75;4407,20;28466,55;Montée linéaire 1/N puis 2/N jusqu’à N/N, ensuite 100 %;Option positive mais moins couvrante
EXEMPLE FICTIF;Orienter les demandes complètes;600;60;Connecteur;5000;40;150;1200;2;3;55 %;44,20;59;58;70499;16818;53681;Montée linéaire 1/N puis 2/N jusqu’à N/N, ensuite 100 %;Très proche du sur-mesure
EXEMPLE FICTIF;Orienter les demandes complètes;600;60;Sur-mesure;14000;80;350;2500;4;6;80 %;44,20;57;54,5;96356;39986;56370;Montée linéaire 1/N puis 2/N jusqu’à N/N, ensuite 100 %;Gagne de peu : conclusion sensible
