id;montant_eur;date_intervention;statut;responsable;piece_jointe;commentaire
X-3052;1;2026-07-28;ouvert;Equipe-Import;;
X-3053;1;2026-07-28;ouvert;Equipe-Import;;
X-3054;1;2026-07-28;ouvert;Equipe-Import;;
X-3055;1;2026-07-28;ouvert;Equipe-Import;;
X-3056;1;2026-07-28;ouvert;Equipe-Import;;
X-3057;1;2026-07-28;ouvert;Equipe-Import;;
X-3058;1;2026-07-28;ouvert;Equipe-Import;;
X-3059;1;2026-07-28;ouvert;Equipe-Import;;
X-3060;1;2026-07-28;ouvert;Equipe-Import;;
X-3061;1;2026-07-28;ouvert;Equipe-Import;;
X-3062;1;2026-07-28;ouvert;Equipe-Import;;
X-3063;1;2026-07-28;ouvert;Equipe-Import;;
X-3064;1;2026-07-28;ouvert;Equipe-Import;;
X-3065;1;2026-07-28;ouvert;Equipe-Import;;
X-3066;1;2026-07-28;ouvert;Equipe-Import;;
X-3067;1;2026-07-28;ouvert;Equipe-Import;;
X-3068;1;2026-07-28;ouvert;Equipe-Import;;
X-3069;1;2026-07-28;ouvert;Equipe-Import;;
X-3070;1;2026-07-28;ouvert;Equipe-Import;;
X-3071;1;2026-07-28;ouvert;Equipe-Import;;
X-3072;1;2026-07-28;ouvert;Equipe-Import;;
X-3073;1;2026-07-28;ouvert;Equipe-Import;;
X-3074;1;2026-07-28;ouvert;Equipe-Import;;
X-3075;1;2026-07-28;ouvert;Equipe-Import;;
X-3076;1;2026-07-28;ouvert;Equipe-Import;;
X-3077;1;2026-07-28;ouvert;Equipe-Import;;
X-3078;1;2026-07-28;ouvert;Equipe-Import;;
X-3079;1;2026-07-28;ouvert;Equipe-Import;;
X-3080;1;2026-07-28;ouvert;Equipe-Import;;
X-3081;1;2026-07-28;ouvert;Equipe-Import;;
X-3082;1;2026-07-28;ouvert;Equipe-Import;;
X-3083;1;2026-07-28;ouvert;Equipe-Import;;
X-3084;1;2026-07-28;ouvert;Equipe-Import;;
X-3085;1;2026-07-28;ouvert;Equipe-Import;;
X-3086;1;2026-07-28;ouvert;Equipe-Import;;
X-3087;1;2026-07-28;ouvert;Equipe-Import;;
X-3088;1;2026-07-28;ouvert;Equipe-Import;;
X-3089;1;2026-07-28;ouvert;Equipe-Import;;
X-3090;1;2026-07-28;ouvert;Equipe-Import;;
X-3091;1;2026-07-28;ouvert;Equipe-Import;;
X-3092;1;2026-07-28;ouvert;Equipe-Import;;
X-3093;1;2026-07-28;ouvert;Equipe-Import;;
X-3094;1;2026-07-28;ouvert;Equipe-Import;;
X-3095;1;2026-07-28;ouvert;Equipe-Import;;
X-3096;1;2026-07-28;ouvert;Equipe-Import;;
X-3097;1;2026-07-28;ouvert;Equipe-Import;;
X-3098;1;2026-07-28;ouvert;Equipe-Import;;
X-3099;1;2026-07-28;ouvert;Equipe-Import;;
X-3100;1;2026-07-28;ouvert;Equipe-Import;;
X-3101;1;2026-07-28;ouvert;Equipe-Import;;
X-3102;1;2026-07-28;ouvert;Equipe-Import;;
X-3103;1;2026-07-28;ouvert;Equipe-Import;;
X-3104;1;2026-07-28;ouvert;Equipe-Import;;
X-3105;1;2026-07-28;ouvert;Equipe-Import;;
X-3106;1;2026-07-28;ouvert;Equipe-Import;;
X-3107;1;2026-07-28;ouvert;Equipe-Import;;
X-3108;1;2026-07-28;ouvert;Equipe-Import;;
X-3109;1;2026-07-28;ouvert;Equipe-Import;;
X-3110;1;2026-07-28;ouvert;Equipe-Import;;
X-3111;1;2026-07-28;ouvert;Equipe-Import;;
X-3112;1;2026-07-28;ouvert;Equipe-Import;;
X-3113;1;2026-07-28;ouvert;Equipe-Import;;
X-3114;1;2026-07-28;ouvert;Equipe-Import;;
X-3115;1;2026-07-28;ouvert;Equipe-Import;;
X-3116;1;2026-07-28;ouvert;Equipe-Import;;
X-3117;1;2026-07-28;ouvert;Equipe-Import;;
X-3118;1;2026-07-28;ouvert;Equipe-Import;;
X-3119;1;2026-07-28;ouvert;Equipe-Import;;
X-3120;1;2026-07-28;ouvert;Equipe-Import;;
X-3121;1;2026-07-28;ouvert;Equipe-Import;;
X-3122;1;2026-07-28;ouvert;Equipe-Import;;
X-3123;1;2026-07-28;ouvert;Equipe-Import;;
X-3124;1;2026-07-28;ouvert;Equipe-Import;;
X-3125;1;2026-07-28;ouvert;Equipe-Import;;
X-3126;1;2026-07-28;ouvert;Equipe-Import;;
X-3127;1;2026-07-28;ouvert;Equipe-Import;;
X-3128;1;2026-07-28;ouvert;Equipe-Import;;
X-3129;1;2026-07-28;ouvert;Equipe-Import;;
X-3130;1;2026-07-28;ouvert;Equipe-Import;;
X-3131;1;2026-07-28;ouvert;Equipe-Import;;
X-3132;1;2026-07-28;ouvert;Equipe-Import;;
X-3133;1;2026-07-28;ouvert;Equipe-Import;;
X-3134;1;2026-07-28;ouvert;Equipe-Import;;
X-3135;1;2026-07-28;ouvert;Equipe-Import;;
X-3136;1;2026-07-28;ouvert;Equipe-Import;;
X-3137;1;2026-07-28;ouvert;Equipe-Import;;
X-3138;1;2026-07-28;ouvert;Equipe-Import;;
X-3139;1;2026-07-28;ouvert;Equipe-Import;;
X-3140;1;2026-07-28;ouvert;Equipe-Import;;
X-3141;1;2026-07-28;ouvert;Equipe-Import;;
X-3142;1;2026-07-28;ouvert;Equipe-Import;;
X-3143;1;2026-07-28;ouvert;Equipe-Import;;
X-3144;1;2026-07-28;ouvert;Equipe-Import;;
X-3145;1;2026-07-28;ouvert;Equipe-Import;;
X-3146;1;2026-07-28;ouvert;Equipe-Import;;
X-0042;1;2026-07-28;ouvert;Equipe-Import;;
;1;2026-07-28;ouvert;Equipe-Import;;
X-3147;un euro;2026-07-28;ouvert;Equipe-Import;;
X-3148;1;2026-02-31;ouvert;Equipe-Import;;
X-3149;1;2026-07-28;à deviner;Equipe-Import;;
